{"cameraMode":{"drawMode":0,"name":"Shaded","section":"Shading Mode"},"sceneLighting":false,"audioPlay":false,"sceneViewState":{"m_AlwaysRefresh":false,"showFog":false,"showSkybox":false,"showFlares":true,"showImageEffects":true,"showParticleSystems":true,"showVisualEffectGraphs":true,"m_FxEnabled":true},"in2DMode":false,"pivot":{"x":-24.971590042114259,"y":-10.253862380981446,"z":200.74716186523438},"rotation":{"x":0.00040856501436792314,"y":-0.981863260269165,"z":0.18965601921081544,"w":0.0020667272619903089},"size":25.8453311920166,"orthographic":false}